<?xml version="1.0" encoding="UTF-8"?>
<!--
 ~  Copyright (c) 2016, WSO2 Inc. (http://www.wso2.org) All Rights Reserved.
 ~
 ~  WSO2 Inc. licenses this file to you under the Apache License,
 ~  Version 2.0 (the "License"); you may not use this file except
 ~  in compliance with the License.
 ~  You may obtain a copy of the License at
 ~
 ~    http://www.apache.org/licenses/LICENSE-2.0
 ~
 ~  Unless required by applicable law or agreed to in writing,
 ~  software distributed under the License is distributed on an
 ~  "AS IS" BASIS, WITHOUT WARRANTIES OR CONDITIONS OF ANY
 ~  KIND, either express or implied.  See the License for the
 ~  specific language governing permissions and limitations
 ~  under the License.
-->
<template name="listTheHistory" xmlns="http://ws.apache.org/ns/synapse">
    <parameter name="startHistoryId"
               description="Returns history records after the specified startHistoryId"/>
    <parameter name="labelId" description="Only return messages with a label matching the ID"/>
    <parameter name="maxResults" description="The maximum number of history records to return"/>
    <parameter name="pageToken"
               description="Page token to retrieve a specific page of results in the list"/>
    <sequence>
        <property name="uri.var.startHistoryId" expression="$func:startHistoryId"/>
        <property name="uri.var.labelId" expression="$func:labelId"/>
        <property name="uri.var.maxResults" expression="$func:maxResults"/>
        <property name="uri.var.pageToken" expression="$func:pageToken"/>
        <property name="gmailParameters" value=""/>
        <filter
                xpath="boolean($ctx:uri.var.startHistoryId)">
            <then>
                <property name="gmailParameters" expression="fn:concat($ctx:gmailParameters,
               '&amp;startHistoryId=', $ctx:uri.var.startHistoryId)"/>
            </then>
        </filter>
        <filter
                xpath="boolean($ctx:uri.var.labelId)">
            <then>
                <property name="gmailParameters" expression="fn:concat($ctx:gmailParameters,
               '&amp;labelId=', $ctx:uri.var.labelId)"/>
            </then>
        </filter>
        <filter
                xpath="boolean($ctx:uri.var.maxResults)">
            <then>
                <property name="gmailParameters" expression="fn:concat($ctx:gmailParameters,
               '&amp;maxResults=', $ctx:uri.var.maxResults)"/>
            </then>
        </filter>
        <filter
                xpath="boolean($ctx:uri.var.pageToken)">
            <then>
                <property name="gmailParameters" expression="fn:concat($ctx:gmailParameters,
               '&amp;pageToken=', $ctx:uri.var.pageToken)"/>
            </then>
        </filter>
        <property name="uri.var.parameters" expression="$ctx:gmailParameters"/>
        <call>
            <endpoint>
                <http method="get"
                      uri-template="legacy-encoding:{+uri.var.apiUrl}/{+uri.var.apiVersion}/users/{+uri.var.userId}/history?startHistoryId={+uri.var.startHistoryId}{uri.var.parameters}"/>
            </endpoint>
        </call>
        <!-- Remove response custom header information -->
        <header name="x-li-format" scope="transport" action="remove"/>
        <header name="X-LI-UUID" scope="transport" action="remove"/>
        <header name="X-Li-Pop" scope="transport" action="remove"/>
        <header name="X-Li-Fabric" scope="transport" action="remove"/>
        <header name="x-li-request-id" scope="transport" action="remove"/>
    </sequence>
</template>